{"acc": 0.9388601235078065, "loss": 0.07514726531338413, "_timestamp": 1719327809.900177, "_runtime": 1.8531479835510254, "_step": 7, "_wandb": {"runtime": 0}}