0,1,2,3,accuracy,macro avg,weighted avg
precision,0.6285714285714286,0.36666666666666664,0.5949367088607594,0.49122807017543857,0.5135135135135135,0.5203507185685734,0.5282962473751948
recall,0.5432098765432098,0.4925373134328358,0.5949367088607594,0.4057971014492754,0.5135135135135135,0.5091202500715202,0.5135135135135135
f1-score,0.5827814569536424,0.42038216560509556,0.5949367088607594,0.4444444444444445,0.5135135135135135,0.5106361939659855,0.5170188168089631
support,81.0,67.0,79.0,69.0,0.5135135135135135,296.0,296.0
