0,1,2,3,accuracy,macro avg,weighted avg
precision,0.5384615384615384,0.4393939393939394,0.5980392156862745,0.5405405405405406,0.5371621621621622,0.5291088085205733,0.5324228847678768
recall,0.6049382716049383,0.43283582089552236,0.7721518987341772,0.2898550724637681,0.5371621621621622,0.5249452659246014,0.5371621621621622
f1-score,0.5697674418604651,0.43609022556390975,0.6740331491712707,0.37735849056603776,0.5371621621621622,0.5143123267904208,0.5224850085711711
support,81.0,67.0,79.0,69.0,0.5371621621621622,296.0,296.0
