0,1,2,3,accuracy,macro avg,weighted avg
precision,0.5,0.3764705882352941,0.7307692307692307,0.43859649122807015,0.49324324324324326,0.5114590775581488,0.5193157315448337
recall,0.6296296296296297,0.47761194029850745,0.4810126582278481,0.36231884057971014,0.49324324324324326,0.48764326718392387,0.49324324324324326
f1-score,0.5573770491803278,0.4210526315789473,0.5801526717557252,0.3968253968253968,0.49324324324324326,0.48885193733509924,0.4951725700981442
support,81.0,67.0,79.0,69.0,0.49324324324324326,296.0,296.0
