{"acc": 0.8852057955371045, "loss": 0.06366894198152366, "_timestamp": 1719327819.563558, "_runtime": 1.839562177658081, "_step": 7, "_wandb": {"runtime": 0}}