{"acc": 0.7853801302341908, "loss": 0.19823167893516128, "_timestamp": 1719327796.1173162, "_runtime": 1.0847282409667969, "_step": 7, "_wandb": {"runtime": 0}}