{"acc": 0.7243471876659593, "loss": 0.2763194582357692, "_timestamp": 1719327734.4305716, "_runtime": 1.641742467880249, "_step": 7, "_wandb": {"runtime": 1}}