{"acc": 0.9335539345856774, "loss": 0.03589804712565794, "_timestamp": 1719327814.7358594, "_runtime": 1.8117284774780273, "_step": 7, "_wandb": {"runtime": 0}}