{"Accuracy": 0.221, "_timestamp": 1719327857.0241246, "_runtime": 1.0809886455535889, "_step": 20, "_wandb": {"runtime": 0}}