{"acc": 0.904019295639506, "loss": 0.06169232821406632, "_timestamp": 1719327804.9870768, "_runtime": 1.797846794128418, "_step": 7, "_wandb": {"runtime": 0}}